Customer ID,Review Rating
1,3.1
2,3.1
3,3.1
4,3.5
5,2.7
6,2.9
7,3.2
8,3.2
9,2.6
10,4.8
11,4.1
12,4.9
13,4.5
14,4.7
15,4.7
16,2.8
17,4.1
18,4.7
19,4.6
20,3.3
21,2.8
22,4.1
23,3.2
24,4.4
25,2.9
26,3.6
27,3.6
28,5
29,4.4
30,4.1
31,4.7
32,4.7
33,4.9
34,3.3
35,4.6
36,4
37,4.6
38,2.8
39,3.7
40,4.2
41,4.6
42,4.5
43,4.1
44,3.7
45,4.6
46,2.9
47,2.9
48,4.5
49,2.7
50,4.6
51,3.7
52,4.7
53,2.6
54,3.9
55,4.2
56,3
57,4.7
58,4.4
59,4.2
60,4.6
61,4
62,4.7
63,3.8
64,2.7
65,4.8
66,4.8
67,4.7
68,4.4
69,3.9
70,4.4
71,4.2
72,2.9
73,2.9
74,2.7
75,4.5
76,2.7
77,4.2
78,3.3
79,4.7
80,2.6
81,3.3
82,2.6
83,4
84,4.1
85,4.4
86,4.5
87,3.7
88,3.7
89,3.5
90,3.6
91,2.9
92,4.6
93,4.4
94,4.5
95,4.6
96,3.8
97,3.6
98,4.8
99,2.6
100,3.7
101,2.7
102,4.6
103,4.8
104,4
105,4.4
106,3.6
107,3.7
108,3.1
109,3.4
110,2.6
111,4
112,5
113,4.3
114,3.1
115,3.7
116,3.8
117,3.4
118,4.6
119,4.8
120,4.3
121,4
122,4.2
123,4.8
124,3.1
125,3.1
126,3.6
127,3.9
128,4.8
129,4.7
130,4.2
131,3.7
132,3.9
133,4.7
134,2.5
135,4.9
136,4.1
137,3.3
138,4.7
139,4.4
140,3.8
141,3.9
142,4.9
143,3.1
144,2.7
145,3.2
146,4.5
147,4
148,3.5
149,2.6
150,3.2
151,4.9
152,4.5
153,4.3
154,3.2
155,3.6
156,4.3
157,4
158,3
159,4.1
160,3.8
161,4.6
162,3
163,3
164,3.4
165,2.6
166,2.8
167,4
168,4
169,3
170,3.3
171,2.6
172,3.6
173,3.9
174,3.4
175,3.5
176,2.8
177,2.7
178,3.7
179,4.3
180,4.9
181,3.3
182,4.7
183,2.8
184,3.6
185,3
186,4.5
187,2.9
188,3.3
189,3.1
190,4.4
191,3
192,3.9
193,2.9
194,3
195,3.1
196,4.3
197,3.9
198,3.2
199,4.8
200,3.8
201,3.3
202,4.3
203,2.7
204,3.2
205,4
206,3
207,4.2
208,2.9
209,4.1
210,3.2
211,3
212,4.2
213,4.2
214,4.4
215,4.2
216,2.8
217,3.7
218,3.5
219,2.9
220,3
221,3.7
222,4.4
223,4.5
224,4.8
225,2.9
226,3.2
227,3.3
228,4.2
229,2.9
230,4.6
231,4.1
232,3.1
233,4.2
234,4.5
235,3.7
236,3.7
237,3.4
238,3
239,4.2
240,2.9
241,3.5
242,4.1
243,4.3
244,2.8
245,4.9
246,3.3
247,3.2
248,4.4
249,4.8
250,4.2
251,4
252,2.5
253,3.9
254,4.9
255,3.5
256,4.2
257,4.7
258,4.5
259,2.8
260,2.9
261,3.2
262,4.9
263,3.7
264,4.3
265,3.9
266,3.2
267,3.1
268,3.9
269,2.6
270,3.3
271,4.6
272,4.6
273,4.4
274,4.2
275,3
276,4
277,3.5
278,3
279,3.7
280,4
281,4.2
282,2.5
283,3
284,3.2
285,3.5
286,4.8
287,2.6
288,3.4
289,3.7
290,4.5
291,3.7
292,3.3
293,4.7
294,2.7
295,4.6
296,2.7
297,4.8
298,4.4
299,4
300,3.2
301,4.4
302,3.8
303,3.6
304,3.3
305,3.4
306,3.5
307,3.6
308,3.2
309,3.7
310,4.5
311,4.6
312,4.1
313,3.4
314,3.7
315,3.3
316,4.5
317,3.3
318,4.3
319,2.5
320,2.6
321,4.9
322,4.7
323,3
324,3.5
325,4.8
326,4.3
327,3.2
328,3.1
329,2.8
330,2.9
331,3.7
332,3.3
333,2.8
334,4.5
335,2.6
336,3.7
337,4.4
338,4.3
339,3.5
340,3.8
341,3.5
342,4.6
343,2.6
344,4.4
345,4
346,4.4
347,4.7
348,3.9
349,2.7
350,3.7
351,2.6
352,3.9
353,4.9
354,4.1
355,3
356,4.1
357,3.8
358,4
359,3.6
360,3
361,3
362,2.6
363,3.4
364,3.1
365,3
366,3.7
367,3.5
368,2.8
369,4.5
370,3.3
371,3.4
372,3.2
373,3.7
374,4.6
375,5
376,4.4
377,4.9
378,4.1
379,4.9
380,4.7
381,3
382,3.4
383,3.2
384,2.9
385,4.5
386,2.7
387,3.4
388,4.6
389,2.7
390,4.2
391,3.2
392,4.8
393,3.3
394,4.2
395,4.8
396,4.9
397,3.9
398,3
399,4.6
400,3.5
401,4.8
402,4.8
403,3
404,4.5
405,4.8
406,3.8
407,4.6
408,3.1
409,3.4
410,3.3
411,4.8
412,2.8
413,3.1
414,4.6
415,2.6
416,2.6
417,3.8
418,4.5
419,3
420,3.5
421,3.8
422,3.5
423,3.1
424,3
425,4.3
426,3.3
427,4.7
428,4.5
429,2.9
430,4.1
431,3.5
432,3.4
433,3.3
434,3.2
435,4
436,3.6
437,4.6
438,2.6
439,4.3
440,3.4
441,3.5
442,4.2
443,3.5
444,3.6
445,4.3
446,4.9
447,4.1
448,3.6
449,3.4
450,2.9
451,2.7
452,4.3
453,3.3
454,2.8
455,3.2
456,3.6
457,4
458,4.9
459,4
460,3.8
461,3.7
462,3.9
463,3.3
464,2.7
465,4.7
466,2.8
467,4.6
468,4.5
469,5
470,4.1
471,4.6
472,4.9
473,3.9
474,3.9
475,2.6
476,2.7
477,3.5
478,3.7
479,3.2
480,3.3
481,4.8
482,3.2
483,2.5
484,3.9
485,4.7
486,2.6
487,2.8
488,4.4
489,4.6
490,3.2
491,4.2
492,3.7
493,3.9
494,4.7
495,4.5
496,3.3
497,3.3
498,4.6
499,3.6
500,4.8
501,4.8
502,2.9
503,2.8
504,3.2
505,3.9
506,4.3
507,2.7
508,5
509,3.7
510,3.9
511,3.9
512,3.1
513,3.3
514,3.6
515,4.3
516,4.5
517,2.8
518,2.7
519,2.9
520,4.4
521,3.9
522,3.5
523,2.5
524,4.9
525,4.8
526,3.2
527,4.9
528,4.3
529,3.2
530,3.7
531,3.2
532,3.4
533,4.1
534,4.5
535,4.5
536,3.2
537,4.4
538,3
539,3.2
540,4
541,3.1
542,2.8
543,4.6
544,4.3
545,3.3
546,3.5
547,3.4
548,2.8
549,4.6
550,3.6
551,3.3
552,3.1
553,3.5
554,3.2
555,3
556,4.8
557,5
558,2.9
559,3.2
560,2.9
561,3.3
562,2.6
563,3.5
564,4.4
565,3.4
566,4.2
567,3.6
568,3
569,4
570,4.4
571,4.1
572,3.6
573,4.6
574,3.2
575,4.8
576,4.8
577,5
578,3.7
579,4.6
580,3.7
581,4.1
582,2.7
583,4.9
584,4
585,4.7
586,2.8
587,4.9
588,4.2
589,3
590,3.4
591,4.6
592,4.2
593,3.2
594,4.4
595,2.5
596,3.6
597,4.5
598,3.4
599,3.2
600,4.2
601,5
602,4.7
603,4.2
604,3.4
605,4.4
606,4.2
607,4.5
608,2.8
609,3.3
610,4.6
611,2.5
612,4.7
613,4.6
614,2.6
615,4
616,2.6
617,4.6
618,2.6
619,4
620,4.6
621,3.7
622,4.4
623,4
624,4.7
625,3.4
626,4
627,3.9
628,4.1
629,3.7
630,4.7
631,4.3
632,4.1
633,3.9
634,2.9
635,3.9
636,4.3
637,2.8
638,3.4
639,2.7
640,4
641,4.4
642,3.9
643,2.8
644,3.2
645,4.3
646,4.2
647,4.9
648,3.7
649,4.1
650,4.2
651,3.9
652,2.9
653,3.1
654,3.6
655,4.4
656,3.1
657,3.9
658,4.3
659,4.9
660,3.6
661,5
662,4.1
663,2.8
664,4.7
665,4.4
666,4.9
667,3.1
668,2.6
669,2.9
670,3.3
671,4.8
672,4.7
673,3.3
674,4.2
675,4.7
676,2.6
677,2.9
678,2.7
679,3.3
680,3.4
681,4.2
682,3.8
683,4
684,2.7
685,4.7
686,3.5
687,3
688,3.3
689,4.7
690,4.7
691,4.8
692,2.9
693,4
694,3.1
695,3.5
696,3.7
697,2.8
698,4.6
699,3.8
700,2.6
701,4.1
702,3.3
703,3.4
704,3
705,3.2
706,4.5
707,4.8
708,3.7
709,3.4
710,4.6
711,4.1
712,3.5
713,3.8
714,2.6
715,4.4
716,2.6
717,3.6
718,4.2
719,4.6
720,3.3
721,3.4
722,4.4
723,4.3
724,3.5
725,4.7
726,3.1
727,3.6
728,4.8
729,3.7
730,3.2
731,3.9
732,3.5
733,2.8
734,2.7
735,3.1
736,3.6
737,2.9
738,3.6
739,3.5
740,3.5
741,2.8
742,4.7
743,3.1
744,4.9
745,4.1
746,4.7
747,2.5
748,4.4
749,3.9
750,3.7
751,3.4
752,4.8
753,4.2
754,3.4
755,2.9
756,3.3
757,4.8
758,3.8
759,4.6
760,2.6
761,3.4
762,4.2
763,3.9
764,2.9
765,4.2
766,3
767,3.6
768,2.5
769,2.6
770,4.3
771,3.3
772,2.6
773,3.6
774,2.6
775,3.5
776,3
777,5
778,2.5
779,2.9
780,4.6
781,3.6
782,3
783,4.5
784,4.5
785,3.2
786,4
787,4.8
788,3.7
789,3.8
790,2.7
791,4.9
792,3.1
793,4.2
794,3.8
795,4.2
796,4.6
797,4
798,4
799,3.8
800,3.3
801,2.6
802,4.9
803,3.5
804,2.8
805,2.6
806,3.7
807,2.7
808,3.3
809,4.6
810,4.9
811,4.9
812,2.7
813,3.2
814,2.9
815,3.8
816,3
817,3.9
818,4.7
819,4.9
820,4.8
821,2.5
822,3.9
823,3.4
824,2.5
825,3
826,3.6
827,3.6
828,4.1
829,3.7
830,3.1
831,4.2
832,4.3
833,2.5
834,3.5
835,3.1
836,2.5
837,3.9
838,4.9
839,4.3
840,2.6
841,4.2
842,2.6
843,3.6
844,3.2
845,4.4
846,3.7
847,3.7
848,4.1
849,3.6
850,4.3
851,2.6
852,2.9
853,4.2
854,4
855,4.3
856,3
857,3.5
858,3
859,3.1
860,4
861,4.1
862,3.3
863,4.9
864,3.9
865,3.9
866,4.8
867,2.7
868,3.1
869,3.2
870,2.7
871,2.5
872,2.6
873,2.9
874,4.2
875,4.4
876,4.1
877,3.8
878,4.9
879,4.9
880,4.1
881,3.1
882,2.7
883,3.8
884,4.3
885,4.1
886,4.4
887,3.6
888,3.3
889,3.6
890,2.8
891,4.3
892,3.9
893,2.7
894,4.7
895,3.8
896,4.7
897,4.7
898,3.4
899,3.5
900,4
901,3.3
902,4.7
903,2.8
904,3.3
905,2.9
906,2.8
907,4.2
908,4.4
909,3.6
910,2.7
911,3.4
912,2.8
913,3.4
914,2.6
915,4.1
916,2.9
917,2.7
918,3.7
919,4.3
920,2.6
921,4.3
922,4.1
923,4.2
924,4.2
925,3.1
926,4.9
927,4.4
928,4.4
929,3.4
930,4.5
931,4.5
932,4.1
933,3.2
934,2.7
935,3.7
936,2.6
937,2.7
938,2.7
939,4.8
940,4.8
941,2.6
942,4.5
943,3.2
944,3.8
945,4.8
946,4.1
947,2.8
948,3.9
949,4.9
950,3.4
951,4.1
952,2.9
953,3.1
954,3.6
955,3.5
956,3.4
957,2.9
958,4.7
959,4.4
960,2.6
961,4.4
962,3.7
963,4.4
964,2.5
965,2.6
966,5
967,4.9
968,3.7
969,3.1
970,3.2
971,4.4
972,4.3
973,3
974,3.5
975,3.6
976,3.8
977,3.6
978,4.6
979,2.5
980,3.5
981,4
982,3.5
983,3.2
984,3.5
985,3.4
986,5
987,4.5
988,2.8
989,4.9
990,3.1
991,4.8
992,2.7
993,4.6
994,4.4
995,3.2
996,3
997,4.9
998,3.6
999,3.8
1000,2.9
1001,3.9
1002,3.6
1003,3.5
1004,4
1005,4.8
1006,3.9
1007,4.5
1008,4.8
1009,2.6
1010,3.1
1011,4.7
1012,2.9
1013,3.8
1014,3.8
1015,3
1016,4.1
1017,3.4
1018,2.5
1019,4.9
1020,2.8
1021,4.5
1022,4.9
1023,4.9
1024,3.5
1025,3.5
1026,4.9
1027,3
1028,2.8
1029,3.7
1030,3.6
1031,3.3
1032,3.4
1033,4
1034,4.6
1035,4.2
1036,2.8
1037,3.7
1038,3.4
1039,3
1040,4.8
1041,4
1042,4.9
1043,4.9
1044,3.3
1045,4.4
1046,3.5
1047,4.2
1048,4.2
1049,2.7
1050,2.8
1051,3.8
1052,2.6
1053,3
1054,3.3
1055,4.9
1056,3.3
1057,2.9
1058,4.4
1059,3.1
1060,2.5
1061,2.6
1062,4.4
1063,2.6
1064,3.3
1065,3.5
1066,4.1
1067,4
1068,2.7
1069,2.5
1070,4.3
1071,3.3
1072,2.6
1073,3.5
1074,4
1075,2.6
1076,4.9
1077,2.9
1078,3.7
1079,4.4
1080,4.4
1081,3.8
1082,4.5
1083,2.6
1084,3.3
1085,4.1
1086,3
1087,3
1088,3.4
1089,2.7
1090,3.8
1091,4.2
1092,4.7
1093,4.1
1094,4.2
1095,4.8
1096,3
1097,2.6
1098,3.2
1099,3.6
1100,2.6
1101,4.4
1102,3
1103,2.9
1104,4.3
1105,3.1
1106,3
1107,3.6
1108,2.8
1109,2.8
1110,4.9
1111,3
1112,4.1
1113,4.6
1114,4.8
1115,2.6
1116,4
1117,4.2
1118,4.5
1119,4.9
1120,3.1
1121,4
1122,3.2
1123,4.3
1124,2.5
1125,4.9
1126,2.7
1127,3.4
1128,4.8
1129,4.7
1130,4.7
1131,3.9
1132,3.7
1133,4.3
1134,4.1
1135,4.6
1136,3.6
1137,4.8
1138,2.8
1139,4.7
1140,3.9
1141,2.6
1142,4.7
1143,3.5
1144,4.4
1145,4.4
1146,3
1147,4.2
1148,4.3
1149,2.6
1150,3.3
1151,2.7
1152,4.2
1153,4
1154,4
1155,2.9
1156,2.6
1157,4.8
1158,4.4
1159,4
1160,3.6
1161,3.2
1162,3.1
1163,4.2
1164,3
1165,4.2
1166,2.9
1167,3.7
1168,3.6
1169,3.6
1170,4.5
1171,3.2
1172,3.9
1173,4.6
1174,2.5
1175,4.3
1176,4.1
1177,4.6
1178,4.8
1179,4.9
1180,2.8
1181,4.9
1182,3.5
1183,3.8
1184,4.5
1185,3.4
1186,3.9
1187,4.1
1188,3
1189,3.3
1190,4.9
1191,4.3
1192,4.1
1193,4
1194,5
1195,3.1
1196,4
1197,3.2
1198,3.9
1199,3.9
1200,4.5
1201,4.4
1202,3.1
1203,2.9
1204,3.7
1205,3.2
1206,3.5
1207,3
1208,4.1
1209,2.9
1210,3.8
1211,4.1
1212,4.6
1213,2.5
1214,3.7
1215,3.8
1216,2.6
1217,3.7
1218,2.6
1219,3.1
1220,2.5
1221,4.9
1222,4.5
1223,3.4
1224,3.9
1225,3.7
1226,2.6
1227,3.4
1228,4.9
1229,3.9
1230,3.6
1231,4.6
1232,4
1233,3.6
1234,3.5
1235,4.1
1236,3
1237,4.4
1238,4.4
1239,3.7
1240,4.8
1241,2.9
1242,3.1
1243,4
1244,3
1245,3.9
1246,3.4
1247,2.7
1248,3.5
1249,3
1250,4.5
1251,4.1
1252,5
1253,4
1254,4.9
1255,3.3
1256,4.1
1257,3.6
1258,3
1259,4.1
1260,3.9
1261,4.1
1262,2.8
1263,4.8
1264,4.6
1265,2.5
1266,2.7
1267,4
1268,2.7
1269,2.9
1270,3
1271,3.3
1272,4.3
1273,4.4
1274,4.1
1275,3.1
1276,4.5
1277,4.8
1278,5
1279,2.8
1280,3.7
1281,4.4
1282,4.5
1283,3
1284,3.9
1285,3.9
1286,3.5
1287,4.9
1288,3.4
1289,4.1
1290,2.9
1291,3.4
1292,3.2
1293,3.9
1294,4.1
1295,4.5
1296,2.8
1297,2.8
1298,4.6
1299,3
1300,3.6
1301,4.5
1302,5
1303,2.9
1304,3.1
1305,4
1306,4.5
1307,4.5
1308,3.1
1309,4.4
1310,4.7
1311,3.1
1312,4.2
1313,3
1314,2.6
1315,3.4
1316,4.2
1317,4.6
1318,2.8
1319,2.7
1320,4
1321,3.1
1322,3.7
1323,4
1324,4.6
1325,3.8
1326,3.5
1327,4.6
1328,2.8
1329,3.7
1330,3.3
1331,2.9
1332,3.2
1333,4.3
1334,2.7
1335,4.2
1336,4.8
1337,4.8
1338,3.4
1339,2.6
1340,5
1341,4.4
1342,2.9
1343,3.4
1344,3.4
1345,4.9
1346,3.6
1347,3
1348,3.9
1349,3.2
1350,3.2
1351,4.3
1352,2.8
1353,4.5
1354,4.1
1355,3.6
1356,3
1357,4
1358,3.5
1359,2.5
1360,4.3
1361,2.8
1362,3.7
1363,4.3
1364,4
1365,4.7
1366,4.5
1367,3.1
1368,3.8
1369,4.9
1370,3.2
1371,2.9
1372,2.8
1373,4
1374,2.6
1375,2.7
1376,4.1
1377,5
1378,3
1379,3.6
1380,2.8
1381,4.6
1382,2.9
1383,4.8
1384,3.3
1385,4.6
1386,2.6
1387,4
1388,3.8
1389,3.9
1390,2.6
1391,4.3
1392,3.6
1393,4.2
1394,3.9
1395,4.7
1396,2.8
1397,3
1398,4.7
1399,2.5
1400,3.1
1401,3.6
1402,3.5
1403,3.1
1404,3.6
1405,3.5
1406,2.7
1407,3.6
1408,4.5
1409,4.1
1410,4.2
1411,4
1412,2.8
1413,2.6
1414,2.7
1415,4.5
1416,3.7
1417,3.4
1418,4.6
1419,4.1
1420,2.6
1421,4.6
1422,3
1423,3.4
1424,3.5
1425,3.5
1426,3.7
1427,4.8
1428,4.9
1429,4.9
1430,4.7
1431,4.9
1432,2.9
1433,4.4
1434,3.2
1435,4.6
1436,4
1437,3.7
1438,4.2
1439,2.9
1440,4.8
1441,4.4
1442,3.4
1443,2.8
1444,4.2
1445,3.8
1446,3.1
1447,3.2
1448,3
1449,3.6
1450,2.5
1451,3.4
1452,2.5
1453,4.7
1454,3.2
1455,2.9
1456,4.9
1457,2.7
1458,4.7
1459,2.9
1460,4.8
1461,4.6
1462,5
1463,4.8
1464,4.9
1465,4.6
1466,3.9
1467,4.5
1468,4.7
1469,3.9
1470,4.4
1471,3.9
1472,2.8
1473,3.5
1474,4.3
1475,3.9
1476,4
1477,4.1
1478,4.3
1479,4.2
1480,4
1481,3.6
1482,3.3
1483,4.1
1484,4.7
1485,4.4
1486,3.4
1487,5
1488,4.6
1489,4
1490,4.1
1491,4.9
1492,2.7
1493,4.5
1494,2.7
1495,3
1496,4.5
1497,5
1498,3.8
1499,3.1
1500,3.4
1501,4.8
1502,2.7
1503,3.2
1504,3.9
1505,4.2
1506,3
1507,3
1508,3.7
1509,4.4
1510,4.6
1511,3
1512,3.6
1513,3.9
1514,4.1
1515,3.9
1516,3.9
1517,4.5
1518,3.4
1519,4.1
1520,4.9
1521,4.4
1522,2.7
1523,4.8
1524,3.3
1525,4.4
1526,4.6
1527,3.1
1528,4.5
1529,4
1530,3.1
1531,3.9
1532,4.5
1533,4.4
1534,3.6
1535,3.4
1536,4
1537,2.6
1538,3.2
1539,3.2
1540,5
1541,2.9
1542,2.9
1543,3.5
1544,4
1545,3.9
1546,4.9
1547,3.8
1548,3.5
1549,3.7
1550,2.9
1551,2.8
1552,3.7
1553,3
1554,4.8
1555,2.7
1556,4.5
1557,2.7
1558,3.5
1559,3.5
1560,4.5
1561,3.8
1562,3.8
1563,3.2
1564,4.3
1565,4.5
1566,4.2
1567,3
1568,4.1
1569,4.6
1570,2.9
1571,4.8
1572,4.5
1573,3.4
1574,4.3
1575,4.2
1576,3.6
1577,3.7
1578,4
1579,4.9
1580,3.1
1581,3.7
1582,4.2
1583,2.5
1584,4.3
1585,3.1
1586,3
1587,4
1588,3.5
1589,3.2
1590,2.7
1591,3
1592,2.9
1593,3.3
1594,4.9
1595,3.7
1596,3.5
1597,4.7
1598,2.6
1599,4.1
1600,2.8
1601,4.7
1602,2.9
1603,2.8
1604,4.3
1605,4.8
1606,3.4
1607,4.3
1608,2.7
1609,4.6
1610,4.1
1611,3.4
1612,4.5
1613,4.4
1614,4
1615,3.4
1616,3.2
1617,3.4
1618,4.3
1619,5
1620,3.5
1621,3.1
1622,3.9
1623,4
1624,3.5
1625,3.6
1626,3
1627,2.6
1628,2.9
1629,3.1
1630,3.3
1631,2.9
1632,3.9
1633,4.7
1634,4.4
1635,3.6
1636,3.2
1637,4
1638,3.5
1639,4.6
1640,3.3
1641,4
1642,3.4
1643,4.2
1644,3.9
1645,3.9
1646,2.8
1647,3.7
1648,4.9
1649,2.6
1650,4.9
1651,3.4
1652,3.9
1653,4
1654,3
1655,2.6
1656,3.2
1657,2.6
1658,3.2
1659,4.1
1660,3.9
1661,4.1
1662,2.7
1663,4.6
1664,3.5
1665,5
1666,3.4
1667,3.1
1668,3.4
1669,4
1670,2.7
1671,3.6
1672,4
1673,3.8
1674,3.4
1675,3.2
1676,4.7
1677,3.1
1678,3.3
1679,4.8
1680,4.5
1681,3.4
1682,3.7
1683,4.9
1684,3.5
1685,4.6
1686,4.6
1687,4.2
1688,3.7
1689,3
1690,4.6
1691,3.2
1692,3.5
1693,2.6
1694,4.9
1695,2.7
1696,4.7
1697,4
1698,3.5
1699,4.8
1700,4
1701,4.1
1702,3.8
1703,5
1704,4
1705,3.9
1706,3.4
1707,3
1708,4.9
1709,3.2
1710,3.8
1711,3.8
1712,4.7
1713,3.8
1714,4.6
1715,4.4
1716,3.4
1717,4.7
1718,2.9
1719,3.4
1720,3.2
1721,2.8
1722,4.3
1723,3.3
1724,3.3
1725,3.3
1726,3
1727,2.8
1728,4
1729,4.3
1730,3.8
1731,4.2
1732,3.1
1733,2.6
1734,3.4
1735,3.1
1736,3.6
1737,2.6
1738,4.2
1739,2.9
1740,4.2
1741,3.3
1742,3.6
1743,4.3
1744,3.3
1745,3
1746,3.6
1747,3.1
1748,2.9
1749,3.9
1750,3.2
1751,3.1
1752,3.2
1753,3.3
1754,4.8
1755,3.8
1756,4.6
1757,2.8
1758,3.6
1759,4.3
1760,4
1761,3.5
1762,4.9
1763,3.1
1764,3.9
1765,3
1766,4.1
1767,4.3
1768,3.8
1769,3.9
1770,4.3
1771,4.3
1772,4.7
1773,3.1
1774,2.7
1775,3.7
1776,3.3
1777,3.4
1778,4.7
1779,4.9
1780,4.3
1781,4.2
1782,3.7
1783,2.7
1784,3.3
1785,4.8
1786,4.1
1787,4.6
1788,4.9
1789,3.1
1790,3
1791,3.7
1792,4
1793,3
1794,3.8
1795,3.7
1796,4
1797,3.1
1798,3.9
1799,3.7
1800,3.9
1801,2.7
1802,3.9
1803,2.6
1804,3.5
1805,4.4
1806,4.9
1807,3.9
1808,3.5
1809,4.3
1810,3.4
1811,2.7
1812,3.6
1813,4.9
1814,3.5
1815,3.8
1816,4.5
1817,4
1818,4.7
1819,3.8
1820,4.5
1821,5
1822,2.8
1823,4.4
1824,4.7
1825,3.8
1826,4.9
1827,4.2
1828,4.9
1829,3.9
1830,4.9
1831,4.8
1832,3.3
1833,4.6
1834,4.5
1835,4.1
1836,3.2
1837,4.2
1838,4.8
1839,4.1
1840,3.7
1841,2.6
1842,3
1843,4.4
1844,4.7
1845,2.7
1846,2.8
1847,2.9
1848,4.4
1849,2.7
1850,4.5
1851,2.8
1852,3.1
1853,3.8
1854,2.9
1855,3.8
1856,4.7
1857,3.2
1858,4
1859,4.9
1860,3.7
1861,4.8
1862,3.6
1863,4.6
1864,4.3
1865,3.2
1866,3.8
1867,4.2
1868,3.4
1869,4.7
1870,3.9
1871,4.3
1872,2.7
1873,4.6
1874,2.9
1875,3.6
1876,3.9
1877,2.6
1878,3.6
1879,3.4
1880,3.5
1881,3.1
1882,4.3
1883,5
1884,4.9
1885,4.3
1886,4.4
1887,4.4
1888,3.5
1889,3.4
1890,2.5
1891,3.4
1892,2.6
1893,4.6
1894,3.7
1895,2.5
1896,4.5
1897,2.9
1898,2.9
1899,3.5
1900,4.2
1901,3.3
1902,3.9
1903,5
1904,3.3
1905,4.2
1906,4.9
1907,4.6
1908,4.8
1909,2.7
1910,4.3
1911,3.8
1912,4.9
1913,3.4
1914,3.6
1915,3.4
1916,4.7
1917,3
1918,3.4
1919,4.6
1920,3.1
1921,2.8
1922,3.5
1923,4.6
1924,4.3
1925,4.8
1926,2.9
1927,3
1928,2.9
1929,3.7
1930,4.7
1931,3.5
1932,2.7
1933,5
1934,4.1
1935,2.7
1936,4.8
1937,4.3
1938,4.5
1939,3.8
1940,3.7
1941,3.9
1942,3.3
1943,3.4
1944,3.8
1945,2.7
1946,2.9
1947,4.5
1948,2.6
1949,3.1
1950,4.7
1951,4.6
1952,2.7
1953,4.6
1954,4.8
1955,4.2
1956,4.9
1957,4.9
1958,4.5
1959,2.7
1960,3.1
1961,3.3
1962,2.6
1963,4.4
1964,3.9
1965,4.6
1966,4.9
1967,3.7
1968,3.7
1969,4.2
1970,3.5
1971,2.9
1972,3.4
1973,3.3
1974,4.5
1975,4.6
1976,2.9
1977,3.2
1978,2.6
1979,3.8
1980,2.8
1981,4.4
1982,4.7
1983,2.7
1984,2.6
1985,3.4
1986,3.9
1987,3.4
1988,3.4
1989,3.9
1990,4
1991,3.4
1992,3.7
1993,4.9
1994,5
1995,2.9
1996,3
1997,3.3
1998,4.7
1999,3.4
2000,4.6
2001,3.6
2002,2.6
2003,2.7
2004,3.1
2005,3.2
2006,3.4
2007,4.4
2008,3.2
2009,2.5
2010,3.8
2011,4.4
2012,3.7
2013,3.2
2014,4.9
2015,3.9
2016,4.5
2017,3.4
2018,4.1
2019,4.5
2020,4.7
2021,4.8
2022,4.4
2023,4
2024,4.1
2025,3.7
2026,3
2027,3.6
2028,4.8
2029,3.7
2030,4.6
2031,2.8
2032,4
2033,4.2
2034,3.6
2035,2.9
2036,4.1
2037,3.1
2038,4.3
2039,4.4
2040,3.1
2041,2.9
2042,3.2
2043,4
2044,2.7
2045,3
2046,4.4
2047,2.8
2048,3.1
2049,3.9
2050,2.7
2051,3.4
2052,3.8
2053,3.7
2054,4.5
2055,2.9
2056,3.4
2057,4.4
2058,4.2
2059,3.3
2060,3.7
2061,3.2
2062,2.6
2063,2.8
2064,2.9
2065,4
2066,2.9
2067,4.7
2068,3.1
2069,3.9
2070,3.4
2071,3.1
2072,4.8
2073,3.9
2074,3.5
2075,3.1
2076,4.7
2077,4.6
2078,3.3
2079,3.2
2080,3.1
2081,3.5
2082,4.3
2083,2.9
2084,2.7
2085,4
2086,4.6
2087,4.7
2088,4.7
2089,4
2090,3.6
2091,3.4
2092,3
2093,2.6
2094,4.2
2095,3.4
2096,4
2097,4.7
2098,3.9
2099,3.3
2100,2.9
2101,4.4
2102,3.6
2103,4.5
2104,3.7
2105,2.8
2106,4.5
2107,4.4
2108,3.3
2109,4.2
2110,2.7
2111,3.9
2112,2.6
2113,4.5
2114,2.7
2115,2.9
2116,3.4
2117,2.9
2118,3.8
2119,4.2
2120,3.5
2121,3.1
2122,3.5
2123,4
2124,3.7
2125,4.2
2126,4.8
2127,4.1
2128,4.5
2129,2.7
2130,2.8
2131,3.7
2132,3.6
2133,4.7
2134,3.8
2135,2.9
2136,4.6
2137,2.8
2138,4.6
2139,2.8
2140,3
2141,3.7
2142,4.1
2143,4.3
2144,3.8
2145,3.7
2146,4.8
2147,4.6
2148,4.8
2149,4.6
2150,4
2151,2.6
2152,2.6
2153,4.5
2154,4.2
2155,3.4
2156,3.7
2157,3.6
2158,4
2159,4.6
2160,3
2161,3.3
2162,3.8
2163,2.7
2164,4.5
2165,4.8
2166,4.2
2167,3.5
2168,4.9
2169,4.1
2170,2.9
2171,4
2172,4.6
2173,2.8
2174,5
2175,2.9
2176,3.3
2177,3.4
2178,3
2179,4.7
2180,2.9
2181,4.1
2182,3.2
2183,2.7
2184,4.7
2185,3.2
2186,2.5
2187,4.3
2188,4.4
2189,4.7
2190,4
2191,4.6
2192,3.8
2193,3.2
2194,5
2195,3.5
2196,3.7
2197,4.8
2198,3.7
2199,3.5
2200,4.9
2201,4.7
2202,4.9
2203,4.3
2204,3.1
2205,3.4
2206,2.7
2207,2.6
2208,2.9
2209,2.7
2210,4.5
2211,3.1
2212,3.2
2213,3.3
2214,2.9
2215,4.1
2216,2.7
2217,4
2218,2.6
2219,3.5
2220,2.8
2221,4.5
2222,3
2223,4.4
2224,4.7
2225,4.3
2226,4.8
2227,4.8
2228,4.4
2229,3.7
2230,3.9
2231,3.8
2232,4.1
2233,4
2234,4.5
2235,4
2236,4.5
2237,2.7
2238,3.8
2239,3.8
2240,3.8
2241,4.3
2242,3.5
2243,3.8
2244,3.7
2245,4.8
2246,4.9
2247,4.3
2248,4.4
2249,3.4
2250,4.3
2251,4.6
2252,3.8
2253,3.9
2254,2.6
2255,4.2
2256,4.6
2257,5
2258,4.2
2259,4.3
2260,3.3
2261,4.9
2262,4.4
2263,3.1
2264,3.5
2265,3.9
2266,3.9
2267,4.3
2268,3.8
2269,2.7
2270,4.4
2271,3.5
2272,3.4
2273,4
2274,4.8
2275,4.5
2276,4.4
2277,4.1
2278,4.6
2279,3.8
2280,2.9
2281,2.8
2282,3
2283,4.2
2284,4.1
2285,4.1
2286,4.6
2287,2.5
2288,3
2289,3.8
2290,4.1
2291,3.3
2292,5
2293,3.8
2294,3.3
2295,5
2296,2.9
2297,2.5
2298,4.7
2299,2.9
2300,3.7
2301,4.4
2302,2.9
2303,3.6
2304,4.8
2305,4.7
2306,2.6
2307,3.4
2308,3.5
2309,3.4
2310,5
2311,4.6
2312,4.8
2313,3.7
2314,4.7
2315,4.4
2316,3.5
2317,3.8
2318,4.7
2319,3.1
2320,5
2321,3.7
2322,3
2323,4.5
2324,4.7
2325,3.5
2326,4.4
2327,2.6
2328,4.2
2329,2.6
2330,4.8
2331,2.9
2332,4.3
2333,2.6
2334,3.8
2335,4.2
2336,3.9
2337,3.1
2338,3.6
2339,4
2340,3.4
2341,2.6
2342,4.5
2343,4.9
2344,4.4
2345,3.5
2346,3.3
2347,3.1
2348,4.2
2349,4.9
2350,3.9
2351,4.2
2352,4.9
2353,2.8
2354,4.1
2355,4.8
2356,4.1
2357,3
2358,4.2
2359,3.8
2360,3.3
2361,4.7
2362,4.3
2363,2.7
2364,4.2
2365,4.2
2366,2.5
2367,3.6
2368,3.4
2369,3.3
2370,4.6
2371,3.9
2372,3.7
2373,3.1
2374,4.9
2375,4.7
2376,2.9
2377,4.1
2378,4
2379,2.7
2380,4
2381,2.5
2382,4.5
2383,3.9
2384,4.9
2385,3.3
2386,3.8
2387,2.9
2388,4
2389,4.1
2390,3.1
2391,4.6
2392,4.6
2393,2.6
2394,5
2395,2.9
2396,3.5
2397,3.7
2398,2.9
2399,4.3
2400,3.2
2401,4.2
2402,4.2
2403,3.8
2404,4.4
2405,3.1
2406,5
2407,4.7
2408,3
2409,4.2
2410,3
2411,3.7
2412,2.7
2413,4.3
2414,2.7
2415,3.7
2416,4.3
2417,4
2418,3.3
2419,4
2420,2.7
2421,4.2
2422,4.6
2423,4.8
2424,2.8
2425,4.5
2426,3
2427,4.6
2428,3.3
2429,4.4
2430,4.4
2431,4.3
2432,3.4
2433,2.8
2434,3.4
2435,5
2436,4.5
2437,2.7
2438,3.4
2439,3.4
2440,2.8
2441,4.7
2442,4.7
2443,4.7
2444,3.4
2445,3.7
2446,4.1
2447,2.9
2448,3.2
2449,3
2450,4.1
2451,4.5
2452,3.4
2453,4.1
2454,4.6
2455,4.6
2456,3.4
2457,3.3
2458,3.6
2459,4.6
2460,4.3
2461,4
2462,4.8
2463,4.3
2464,3.3
2465,2.8
2466,4.4
2467,3.7
2468,3.6
2469,3.7
2470,5
2471,2.7
2472,4.3
2473,4.1
2474,2.6
2475,3.2
2476,3.5
2477,3.7
2478,3.8
2479,4.8
2480,4.2
2481,2.9
2482,2.9
2483,4.8
2484,2.9
2485,4.8
2486,4.6
2487,4.4
2488,3
2489,4.4
2490,3.9
2491,4
2492,2.5
2493,4.1
2494,4.8
2495,2.6
2496,3.1
2497,3.2
2498,4.2
2499,2.6
2500,3.1
2501,2.9
2502,4.6
2503,4.1
2504,2.5
2505,4
2506,3.5
2507,4.4
2508,2.9
2509,3.1
2510,4.4
2511,4.4
2512,2.7
2513,4.9
2514,3.5
2515,4.8
2516,4.2
2517,4.6
2518,2.9
2519,4
2520,4.9
2521,3.1
2522,4.4
2523,2.5
2524,3.4
2525,3.7
2526,4.2
2527,3.4
2528,3.6
2529,4.7
2530,4.7
2531,3.6
2532,4.6
2533,2.6
2534,3.1
2535,3.2
2536,3.9
2537,4.9
2538,4.1
2539,4.2
2540,4.1
2541,3.9
2542,2.7
2543,3.7
2544,2.7
2545,2.5
2546,3.9
2547,3
2548,3.2
2549,3.8
2550,2.7
2551,3
2552,4.1
2553,3.2
2554,4.5
2555,4.3
2556,3.5
2557,3.1
2558,3.9
2559,2.7
2560,4
2561,2.7
2562,2.7
2563,4.7
2564,4.5
2565,3
2566,3.6
2567,3.3
2568,4.3
2569,4.3
2570,4.8
2571,4
2572,3.5
2573,3.9
2574,4.4
2575,4.6
2576,4
2577,4.2
2578,4.5
2579,3.9
2580,3.7
2581,3.6
2582,4.7
2583,3.6
2584,2.5
2585,2.9
2586,4.4
2587,4.6
2588,3.7
2589,3.2
2590,4.9
2591,5
2592,3.3
2593,4.4
2594,4.7
2595,3.6
2596,3.2
2597,3
2598,4.4
2599,3.3
2600,3.4
2601,3.9
2602,2.9
2603,2.9
2604,2.7
2605,3.4
2606,3.7
2607,4.7
2608,3.1
2609,4.2
2610,3
2611,3.1
2612,4.2
2613,3.8
2614,2.9
2615,4.2
2616,3.1
2617,3.6
2618,4.8
2619,4.1
2620,3.9
2621,3
2622,3
2623,4.9
2624,4.8
2625,3.3
2626,2.7
2627,4.2
2628,3.6
2629,3.8
2630,3.8
2631,4.2
2632,2.7
2633,5
2634,4.7
2635,3.2
2636,2.9
2637,4.2
2638,3.7
2639,4.2
2640,2.6
2641,4
2642,2.7
2643,4
2644,2.9
2645,3.3
2646,4
2647,3.9
2648,3.3
2649,3.9
2650,3.9
2651,4.2
2652,4.6
2653,3.3
2654,4.8
2655,4.1
2656,3.4
2657,3.6
2658,2.7
2659,3.2
2660,4.4
2661,4.9
2662,4.8
2663,2.8
2664,2.9
2665,3.2
2666,3.5
2667,4.1
2668,4.1
2669,4.8
2670,2.8
2671,4.7
2672,4.8
2673,2.9
2674,2.6
2675,3.3
2676,3.4
2677,3.6
2678,3.8
2679,3.4
2680,3.8
2681,3.3
2682,4.8
2683,3.9
2684,4.2
2685,4.7
2686,2.7
2687,3.8
2688,3.6
2689,2.9
2690,3.9
2691,4.7
2692,3.3
2693,4.2
2694,2.6
2695,4.9
2696,3.6
2697,4.7
2698,3.2
2699,3.6
2700,3.6
2701,3.2
2702,2.8
2703,4
2704,4.4
2705,3.4
2706,5
2707,3.1
2708,4.2
2709,3.3
2710,2.9
2711,4.7
2712,4
2713,4.6
2714,3.8
2715,3.6
2716,4.1
2717,2.7
2718,4.3
2719,4.9
2720,4.2
2721,2.8
2722,4.9
2723,2.8
2724,2.9
2725,2.5
2726,2.7
2727,3.3
2728,3.7
2729,4
2730,4.1
2731,4.1
2732,2.5
2733,4.2
2734,4.7
2735,2.7
2736,3
2737,4.8
2738,4.4
2739,4.3
2740,2.5
2741,4.9
2742,4.9
2743,3.9
2744,4.1
2745,3.3
2746,4.1
2747,3.7
2748,3.1
2749,3
2750,3.4
2751,2.7
2752,3.1
2753,4
2754,3.6
2755,3.6
2756,3.3
2757,4.1
2758,4.3
2759,3.2
2760,3.9
2761,5
2762,3.4
2763,3.8
2764,2.9
2765,2.6
2766,4.3
2767,2.8
2768,4.5
2769,3.8
2770,3
2771,3.3
2772,3.1
2773,3.5
2774,4.6
2775,4.1
2776,3.6
2777,2.9
2778,4.8
2779,3.2
2780,4.3
2781,4.1
2782,4.6
2783,3.8
2784,4.5
2785,3.1
2786,2.9
2787,3.8
2788,4.1
2789,3.1
2790,5
2791,4.5
2792,2.8
2793,3.2
2794,3.1
2795,3.3
2796,3.4
2797,3.8
2798,3.5
2799,4.8
2800,3.9
2801,3.4
2802,2.6
2803,3.1
2804,3.3
2805,2.8
2806,4.3
2807,2.7
2808,4.4
2809,3.9
2810,3
2811,4
2812,3.7
2813,3.8
2814,3.3
2815,3.6
2816,3.9
2817,3.5
2818,3.4
2819,4.7
2820,3
2821,3.9
2822,4.5
2823,4.1
2824,4.5
2825,4
2826,4.3
2827,3.6
2828,3.1
2829,2.6
2830,3.4
2831,2.9
2832,5
2833,4.6
2834,3.3
2835,2.9
2836,4.9
2837,5
2838,4.5
2839,3.7
2840,2.8
2841,3.5
2842,3
2843,4.3
2844,3.6
2845,4.4
2846,4.1
2847,2.8
2848,2.8
2849,4.9
2850,4.1
2851,3
2852,3
2853,3
2854,3.2
2855,2.7
2856,3.8
2857,3.5
2858,3.8
2859,3.8
2860,3.4
2861,2.9
2862,3.4
2863,4.7
2864,3.9
2865,3.6
2866,3.7
2867,3.1
2868,4.9
2869,2.6
2870,4.2
2871,4.8
2872,2.7
2873,2.6
2874,2.6
2875,3.1
2876,2.6
2877,3.4
2878,3.6
2879,4.3
2880,4.9
2881,4.8
2882,4.2
2883,2.6
2884,3.2
2885,3.4
2886,3.5
2887,4.2
2888,2.8
2889,5
2890,3.3
2891,3.7
2892,2.5
2893,3.2
2894,3.1
2895,3.5
2896,4.6
2897,3.3
2898,2.5
2899,4.6
2900,4.2
2901,4
2902,2.6
2903,4.6
2904,3.5
2905,4
2906,4.8
2907,3.9
2908,3.7
2909,3.1
2910,3
2911,2.9
2912,2.9
2913,4
2914,3.5
2915,3.8
2916,4.5
2917,2.7
2918,2.9
2919,4.9
2920,3.8
2921,4.9
2922,4.6
2923,3.5
2924,4.2
2925,3.7
2926,2.8
2927,4.8
2928,2.7
2929,3.6
2930,4.5
2931,4
2932,4.5
2933,3.9
2934,3.8
2935,4.7
2936,4.6
2937,3.6
2938,4.3
2939,3
2940,4.3
2941,4.8
2942,3.7
2943,2.6
2944,3.4
2945,3.9
2946,4.8
2947,2.8
2948,4.4
2949,3.1
2950,3.8
2951,4.1
2952,4.6
2953,4.9
2954,4.8
2955,3.9
2956,2.6
2957,3.7
2958,4.7
2959,4.5
2960,4.7
2961,3.6
2962,2.8
2963,4
2964,3.6
2965,3.8
2966,4.4
2967,2.8
2968,3.4
2969,4.9
2970,4.3
2971,3.4
2972,3.9
2973,4.2
2974,2.7
2975,4.1
2976,4.5
2977,2.8
2978,3.4
2979,3.9
2980,2.6
2981,4.4
2982,4.9
2983,3.6
2984,2.8
2985,4.3
2986,3
2987,3.3
2988,2.5
2989,5
2990,4.3
2991,4.2
2992,3.9
2993,3.9
2994,4.2
2995,3.5
2996,2.5
2997,2.9
2998,2.7
2999,4.7
3000,3.8
3001,3.7
3002,4.7
3003,3.6
3004,2.8
3005,3.7
3006,3.5
3007,3.7
3008,3
3009,4.9
3010,4.6
3011,3.3
3012,3
3013,3.5
3014,4.2
3015,4.5
3016,2.8
3017,4.9
3018,3.3
3019,3
3020,3.9
3021,2.8
3022,4.5
3023,4
3024,2.9
3025,4
3026,3.4
3027,2.5
3028,2.8
3029,3
3030,3.1
3031,2.6
3032,4.9
3033,3.5
3034,2.6
3035,3.5
3036,4.5
3037,4.3
3038,4.8
3039,4.2
3040,3.2
3041,4.1
3042,4
3043,2.9
3044,2.6
3045,2.7
3046,4.6
3047,3.2
3048,4.1
3049,3.9
3050,3
3051,3.6
3052,4.6
3053,4.5
3054,3.2
3055,4.9
3056,5
3057,3.8
3058,3.4
3059,3.8
3060,3.2
3061,4.7
3062,4.5
3063,3.3
3064,3.9
3065,3.6
3066,2.8
3067,4.3
3068,3.5
3069,4.2
3070,4.6
3071,2.6
3072,3.4
3073,3.1
3074,3.6
3075,4.2
3076,3.6
3077,3.6
3078,3
3079,2.5
3080,4
3081,4.1
3082,4.9
3083,4
3084,3.5
3085,3.2
3086,2.8
3087,3.5
3088,3.1
3089,3.3
3090,4.6
3091,4.9
3092,3.4
3093,3.5
3094,4.8
3095,2.7
3096,3.4
3097,3.5
3098,3.7
3099,3.3
3100,2.9
3101,3.9
3102,2.7
3103,4.3
3104,3
3105,5
3106,2.7
3107,4.7
3108,4.6
3109,3.2
3110,4.3
3111,4.6
3112,4.9
3113,3.8
3114,2.6
3115,4.7
3116,4.1
3117,3.7
3118,3
3119,4.7
3120,4.7
3121,4
3122,2.6
3123,3
3124,3.3
3125,3.4
3126,4
3127,2.6
3128,3.4
3129,4.4
3130,4.7
3131,4.5
3132,2.9
3133,4.2
3134,4.1
3135,4.4
3136,4.7
3137,3.1
3138,2.7
3139,4.6
3140,4.4
3141,4.6
3142,4.9
3143,4
3144,2.9
3145,2.6
3146,4.6
3147,4.9
3148,4.3
3149,4.3
3150,4.6
3151,2.6
3152,3.1
3153,3.1
3154,3.1
3155,4.4
3156,4.3
3157,3.1
3158,3.1
3159,4.9
3160,2.9
3161,3.8
3162,4.2
3163,3.9
3164,2.8
3165,2.6
3166,3
3167,2.7
3168,2.8
3169,2.9
3170,3.8
3171,4.4
3172,3.1
3173,3.7
3174,4.9
3175,3.8
3176,3.4
3177,4.6
3178,3.2
3179,2.7
3180,4.3
3181,3.8
3182,4.4
3183,3.6
3184,3.5
3185,4.2
3186,4.7
3187,4.8
3188,3.2
3189,3.5
3190,4.2
3191,3.4
3192,4.7
3193,3
3194,4
3195,4.6
3196,4.9
3197,2.8
3198,3.2
3199,2.8
3200,4.2
3201,4.8
3202,2.8
3203,4.5
3204,4.1
3205,4.3
3206,4.4
3207,3
3208,2.7
3209,3.3
3210,4.3
3211,2.9
3212,4.9
3213,3.6
3214,3.3
3215,3.1
3216,2.7
3217,3.4
3218,3.4
3219,3.9
3220,3.5
3221,4.1
3222,3.2
3223,4.6
3224,3.9
3225,2.7
3226,3
3227,3.3
3228,2.7
3229,4.6
3230,2.7
3231,2.5
3232,4.4
3233,4
3234,3.8
3235,2.5
3236,4
3237,4.1
3238,2.8
3239,3.4
3240,2.7
3241,3.8
3242,4.4
3243,2.8
3244,5
3245,4.7
3246,3.2
3247,2.9
3248,3.7
3249,4.2
3250,3.4
3251,2.9
3252,3.7
3253,2.7
3254,3.2
3255,4.9
3256,2.8
3257,4.7
3258,3.3
3259,4.3
3260,3.7
3261,4.5
3262,3.4
3263,2.7
3264,4.4
3265,4
3266,3.2
3267,4.2
3268,3
3269,2.8
3270,4.9
3271,4.7
3272,4.4
3273,3.1
3274,2.6
3275,3.9
3276,2.6
3277,4
3278,4.9
3279,3.3
3280,3
3281,2.7
3282,3.1
3283,4.8
3284,2.9
3285,4.5
3286,4.6
3287,5
3288,4.3
3289,4.9
3290,4
3291,3.1
3292,2.6
3293,4.9
3294,3.5
3295,4.5
3296,2.8
3297,4.2
3298,4.1
3299,3.5
3300,4
3301,4
3302,2.5
3303,4.2
3304,3.4
3305,4.8
3306,4.9
3307,3.6
3308,4
3309,2.6
3310,3.1
3311,3.6
3312,4
3313,3.9
3314,3.9
3315,3.3
3316,2.9
3317,3.1
3318,4.7
3319,3.9
3320,4.3
3321,4.2
3322,4.3
3323,4.6
3324,3.8
3325,3.3
3326,3.7
3327,4.3
3328,4.1
3329,3.2
3330,3.8
3331,3.2
3332,3.5
3333,3.1
3334,4.2
3335,3.4
3336,3.5
3337,4
3338,4.4
3339,2.9
3340,3.6
3341,4.4
3342,4.5
3343,3.8
3344,3.6
3345,4.3
3346,4
3347,3.4
3348,4.4
3349,2.8
3350,2.8
3351,4.9
3352,4.2
3353,2.9
3354,4.6
3355,2.8
3356,2.6
3357,3.5
3358,3.5
3359,3.4
3360,3.9
3361,3.3
3362,4.1
3363,3
3364,3
3365,3.2
3366,3.9
3367,3.6
3368,3.1
3369,4.8
3370,3.8
3371,2.8
3372,4
3373,4.6
3374,3.5
3375,3.7
3376,4.9
3377,4.1
3378,4.6
3379,4.5
3380,5
3381,3.8
3382,4.7
3383,2.8
3384,2.6
3385,3.8
3386,2.8
3387,2.6
3388,3.4
3389,4.5
3390,3.8
3391,3
3392,3.7
3393,4.4
3394,3.1
3395,4.2
3396,3.1
3397,5
3398,2.7
3399,3.8
3400,3.3
3401,4.8
3402,3.4
3403,4.4
3404,3.9
3405,3.9
3406,4.2
3407,4
3408,2.6
3409,4.4
3410,3.2
3411,4.3
3412,4.9
3413,3.8
3414,2.5
3415,4.9
3416,3
3417,3.2
3418,2.9
3419,2.8
3420,3.1
3421,3.4
3422,2.9
3423,3.2
3424,3.8
3425,3.6
3426,4.3
3427,4.8
3428,2.5
3429,2.5
3430,4.6
3431,4.2
3432,4.2
3433,4.8
3434,4.5
3435,3.3
3436,2.7
3437,2.8
3438,3.5
3439,3
3440,4.5
3441,4.3
3442,4.1
3443,4.3
3444,5
3445,3.8
3446,4.9
3447,5
3448,4.3
3449,4.1
3450,4.5
3451,3.6
3452,3
3453,3.7
3454,4.3
3455,4.6
3456,4.7
3457,4.6
3458,3
3459,3.4
3460,3.8
3461,3.1
3462,4.4
3463,4.5
3464,2.8
3465,2.7
3466,3.4
3467,4.6
3468,5
3469,3.5
3470,3.3
3471,4.5
3472,3.1
3473,4
3474,2.5
3475,4.4
3476,4.4
3477,3.2
3478,3.8
3479,4.6
3480,4.9
3481,3.5
3482,3.4
3483,3.9
3484,3.9
3485,4.2
3486,3.4
3487,4.9
3488,2.9
3489,4.9
3490,4.6
3491,3.6
3492,4.3
3493,4.6
3494,4.7
3495,3.5
3496,2.8
3497,4
3498,4.3
3499,3.8
3500,3
3501,4.6
3502,4.8
3503,4.7
3504,3.9
3505,4
3506,3.7
3507,3.7
3508,4.2
3509,4.7
3510,4.3
3511,4.9
3512,3.9
3513,3.4
3514,4.2
3515,4.7
3516,4
3517,4
3518,3.1
3519,4.2
3520,3.7
3521,3.1
3522,3.7
3523,3.2
3524,2.8
3525,2.9
3526,3.5
3527,3.8
3528,4.7
3529,4.5
3530,3.9
3531,3.4
3532,4.6
3533,4.6
3534,4.7
3535,3.2
3536,5
3537,4.5
3538,3.5
3539,4.5
3540,3.2
3541,4.6
3542,4
3543,4.2
3544,4.1
3545,3.6
3546,3.7
3547,3.6
3548,3.8
3549,3
3550,3.4
3551,4.8
3552,2.6
3553,2.9
3554,4.9
3555,5
3556,4.6
3557,4.2
3558,4.9
3559,4.8
3560,3
3561,3.5
3562,3.4
3563,3.4
3564,4.9
3565,4.4
3566,4.2
3567,3.1
3568,4
3569,4.8
3570,3.3
3571,4.7
3572,3.2
3573,5
3574,4.9
3575,4.9
3576,3.7
3577,3
3578,2.6
3579,2.6
3580,4.8
3581,3.2
3582,4.9
3583,3.4
3584,2.7
3585,4.8
3586,4.1
3587,4.6
3588,4.4
3589,3.5
3590,4.8
3591,2.9
3592,3.2
3593,4.4
3594,4.6
3595,2.6
3596,3.1
3597,4.3
3598,3.1
3599,4.6
3600,4.6
3601,2.7
3602,3
3603,3.3
3604,2.7
3605,3.3
3606,4.3
3607,4.8
3608,3.3
3609,4.3
3610,3
3611,4.8
3612,2.9
3613,3.6
3614,3.5
3615,4.7
3616,4.4
3617,3.3
3618,4.3
3619,4
3620,4.9
3621,2.9
3622,4
3623,4.3
3624,2.7
3625,5
3626,4.4
3627,3.5
3628,3.3
3629,3.8
3630,4.5
3631,4.8
3632,2.9
3633,3.2
3634,2.8
3635,3.3
3636,3.3
3637,4.2
3638,3.6
3639,4.6
3640,3.6
3641,4
3642,2.7
3643,4.4
3644,3.2
3645,2.6
3646,3.4
3647,5
3648,2.9
3649,5
3650,4.4
3651,3.5
3652,3.8
3653,3.8
3654,3.9
3655,3.3
3656,2.9
3657,3.7
3658,3.7
3659,4.6
3660,4.9
3661,3.1
3662,3.5
3663,4.9
3664,4.4
3665,4.4
3666,3.4
3667,3
3668,2.6
3669,3.2
3670,4.6
3671,3.8
3672,4.8
3673,4.5
3674,4.2
3675,2.7
3676,4.5
3677,4.9
3678,2.8
3679,3.5
3680,2.5
3681,2.9
3682,4.2
3683,4.6
3684,3
3685,4.4
3686,2.6
3687,4.8
3688,2.9
3689,3
3690,4.5
3691,3.7
3692,4.8
3693,4.8
3694,4.7
3695,2.6
3696,4.6
3697,3.4
3698,3
3699,4
3700,2.6
3701,3.4
3702,4.5
3703,2.7
3704,2.9
3705,4
3706,3.2
3707,4
3708,3.4
3709,4.9
3710,3.6
3711,3.6
3712,3.2
3713,3.7
3714,2.6
3715,3.9
3716,3.4
3717,3.4
3718,4.2
3719,2.9
3720,4.1
3721,3.6
3722,4
3723,4
3724,3.6
3725,3.1
3726,4.4
3727,4.3
3728,3.5
3729,3
3730,4.7
3731,2.5
3732,3.1
3733,3.3
3734,4.7
3735,3.4
3736,3.1
3737,4.6
3738,4.9
3739,2.7
3740,4.2
3741,2.6
3742,3.2
3743,4.4
3744,3.6
3745,2.7
3746,4.3
3747,2.6
3748,4.3
3749,3.9
3750,2.9
3751,3.1
3752,4.2
3753,4.1
3754,4.2
3755,4.4
3756,3.4
3757,4.8
3758,4.5
3759,2.7
3760,3.5
3761,3.1
3762,2.8
3763,2.9
3764,4.5
3765,3.5
3766,4.3
3767,4.9
3768,3.1
3769,4
3770,3.6
3771,4
3772,2.6
3773,3.1
3774,3.5
3775,3.9
3776,2.7
3777,4.1
3778,4.3
3779,2.9
3780,4
3781,4.1
3782,3.7
3783,2.8
3784,3.2
3785,4.5
3786,3.8
3787,3.6
3788,3.6
3789,3.2
3790,3.8
3791,4.4
3792,3.7
3793,2.6
3794,4
3795,3.6
3796,2.5
3797,3.2
3798,2.5
3799,3.2
3800,2.6
3801,4.8
3802,5
3803,3.2
3804,3.6
3805,2.7
3806,3.1
3807,3
3808,2.9
3809,4.7
3810,3.7
3811,3.9
3812,4
3813,2.8
3814,4.1
3815,4.2
3816,4.3
3817,4.3
3818,2.6
3819,3.8
3820,2.9
3821,5
3822,4.6
3823,3.2
3824,3
3825,4
3826,4.1
3827,4
3828,4.1
3829,3.4
3830,2.9
3831,3
3832,4
3833,4.8
3834,4.6
3835,4.1
3836,2.6
3837,2.5
3838,4.8
3839,4.2
3840,3.9
3841,3.7
3842,4.2
3843,4.2
3844,4
3845,5
3846,4.9
3847,4
3848,3.2
3849,3
3850,2.6
3851,4.4
3852,3.9
3853,4
3854,4
3855,4.2
3856,4.4
3857,2.5
3858,3.1
3859,3.5
3860,3
3861,4.4
3862,4.9
3863,2.8
3864,3.3
3865,4.9
3866,4.2
3867,3.3
3868,2.7
3869,3.3
3870,3.8
3871,3.2
3872,4.1
3873,4.3
3874,4
3875,3.9
3876,3.3
3877,2.6
3878,4.2
3879,3.4
3880,4.1
3881,3.9
3882,2.8
3883,2.6
3884,4
3885,4.9
3886,3.2
3887,3.9
3888,2.7
3889,3.4
3890,3.5
3891,2.6
3892,4.7
3893,3.5
3894,3.3
3895,3.9
3896,4.2
3897,4.5
3898,2.9
3899,3.8
3900,3.1
